JD, RV_wobble, RV_err_wobble, RV_pipeline, RV_err_pipeline
2458478.77385868, -4.0206, 3.7290, -408.3473, 38.1361
2458475.75494602, 34.4922, 45.4468, 1992.6716, 109.0930
2458483.76824614, -7.5795, 8.5466, 262.8029, 32.3034
2458484.77153610, -30.6771, 21.6581, -267.9518, 68.1124
2458479.77133004, -2.3241, 3.0473, -264.5127, 32.6418
2458481.67974915, 8.2888, 3.9239, -771.8540, 45.0999
2458482.75983937, 0.6121, 7.5307, 700.9235, 49.5272
2458473.75213848, 1.2081, 12.5935, -1243.7322, 29.1994
